name;Followers;Sexo;Since
SantiCafiero;111121;1;2009
LEBasterra;11079;1;2010
juancabandie;229160;1;2009
RCSalvarezza;37922;1;2017
RossiAgustinOk;186413;1;2014
KulfasM;6905;1;2020
LicDanielArroyo;65098;1;2010
MariaEBielsaOk;24933;0;2019
Martin_M_Guzman;94709;1;2015
trottanico;64486;1;2011
apuiggros;18246;0;2010
wadodecorrido;227959;1;2011
mmlosardo;16073;0;2017
EliGAlcorta;43624;0;2011
gkatopodis;46086;1;2011
felipe_sola;247867;1;2009
ginesggarcia;65176;1;2010
SabinaFrederic;33550;0;2010
mariomeoni;13786;1;2011
MatiasLammens;191418;1;2010
JulioVitobello;6144;1;2019
VilmaIbarraL;18180;0;2015
vikidonda;234520;0;2010
MalenaMassa;110726;0;2012
luanavolnovich;55590;0;2010