alfredocornejo;37650
CaroStanley;255390
diegosantilli;340590
elisacarrio;1172879
estebanbullrich;568638
frigeriorogelio;497152
gabimichetti;1067496
GugaLusto;1130712
guillodietrich;488675
horaciorlarreta;1486605
lauritalonso;335038
marioraulnegri;130140
mariuvidal;1564664
marquitospena;840693
mauriciomacri;5059625
MiguelPichetto;113697
monzoemilio;55553
PatoBullrich;1029590
pinedofederico;233946
RICALFONSIN;371558
alferdez;876320
CFKArgentina;5731346
EliGAlcorta;43624
Facundo_Moyano;139810
felipe_sola;247867
gabicerru;246074
ginesggarcia;65176
juancabandie;229160
Kicillofok;990682
LicDanielArroyo;65018
magariovero;144657
marianorecalde;211511
Martin_M_Guzman;94700
RossiAgustinOk;186367
Sabbatella;317400
SabinaFrederic;33550
SantiCafiero;110976
SergioMassa;1090579
vikidonda;234520
wadodecorrido;227903